relative_path,size_bytes,sha256
CNTT-KLCN155_PART01_VERIFIED_R1/README.md,14286,ade244c3d50d507612def6c2b26c97e9f357941dbfff07cc1c0e11912c048d03
CNTT-KLCN155_PART01_VERIFIED_R1/requirements.txt,618,595959b03a2bb1804c96690510cd1eea3cb17c8929834dd8ecd62cc6a9b305b5
CNTT-KLCN155_PART01_VERIFIED_R1/.gitignore,1160,72df6d465818cac8ab6d9d12ce58862bc93acdfee6a254c929c38cb366a78738
CNTT-KLCN155_PART01_VERIFIED_R1/docs/plan/00_MASTER_PLAN.md,14365,c4a3bc5efa881ec75f21980160bac42d3321cf350599098b7ee998b36735f65f
CNTT-KLCN155_PART01_VERIFIED_R1/docs/plan/01_CURRENT_STATE_AND_ARCHITECTURE.md,17355,0c5e93aafc9c5a36d2b39dbce15019484c4d20df92cc0933795bff5617b90568
CNTT-KLCN155_PART01_VERIFIED_R1/docs/plan/02_DATA_INVENTORY_AND_TAXONOMY.md,11180,171fb5677d1dc850d1f981b49b27ee49f5fe5b6313f31946968c09eec531b0d8
CNTT-KLCN155_PART01_VERIFIED_R1/docs/plan/03_SPLITS_AND_PREPROCESSING.md,7896,515f5b76914d4f2cc29ddeac9875b8ba0006ddd7bd1eb009c0e58b4c19c8f897
CNTT-KLCN155_PART01_VERIFIED_R1/docs/plan/04_GITHUB_REUSE_AND_DEPENDENCIES.md,6809,30d78d202b90abc5482f2f7333da08c04c0dbe8ad55eb61a1d05c7866c248b02
CNTT-KLCN155_PART01_VERIFIED_R1/docs/plan/05_SINGLE_OBJECT_TRAINING.md,6243,8daad778658507a264870c013bcb5753a54ab279c49365d0fd57698304937131
CNTT-KLCN155_PART01_VERIFIED_R1/docs/plan/06_SINGLE_OBJECT_EVALUATION_GATE.md,6789,9c1c18bca987c983196988e5b515fe49dc5a14b9fdf3a230f1d69f027c009ea6
CNTT-KLCN155_PART01_VERIFIED_R1/docs/plan/07_MULTIOBJECT_DATA_AND_ANNOTATIONS.md,6733,d62a2431f7c4ec1c9eeb3b3a9f859e194ccdf29ea6feb83acb2e0ea1ca3fb2a8
CNTT-KLCN155_PART01_VERIFIED_R1/docs/plan/08_MULTIOBJECT_MODEL_TRAINING.md,5005,e4cb668771b2815a650f09307d1c748e1bf360ecd8919f0cf0f83bbb5a76a1d6
CNTT-KLCN155_PART01_VERIFIED_R1/docs/plan/09_EXPERIMENTS_AND_ERROR_ANALYSIS.md,4066,c307e766bcf1e85d0405e87056ac30fdd76ebef2c21e04dd6ec671c63dc5001c
CNTT-KLCN155_PART01_VERIFIED_R1/docs/plan/10_WEB_INTEGRATION_AND_MCP_TESTS.md,3874,fb0d244776e622a9f712ac16847b480c07527780cb60708708ed73a63e62f1ca
CNTT-KLCN155_PART01_VERIFIED_R1/docs/plan/11_DELIVERY_AND_REPRODUCIBILITY.md,4314,294a4e468c2788549d5a30e1eda88717743c5d2dfbe6f06d1c061da2d6e28eea
CNTT-KLCN155_PART01_VERIFIED_R1/docs/plan/BAO_CAO_TONG_KET_KIEM_KE_VA_KE_HOACH_CHI_TIET.md,17390,fc642b221a4020dbcea3fae57730f674333b245017355b79bc23336e624f76fb
CNTT-KLCN155_PART01_VERIFIED_R1/docs/plan/CLARIFICATIONS_AND_DECISIONS.md,19725,2a34b6976f989eebc76fb95a8b8696f28b0e7b4a50cac7644604a6968f56e4c9
CNTT-KLCN155_PART01_VERIFIED_R1/docs/plan/PART_01_ACCEPTANCE.md,19526,24b94660884c4f9c4c9059c9fc36b21dfe650788e5edc544d7e6f26687a7abb9
CNTT-KLCN155_PART01_VERIFIED_R1/docs/plan/PART_01_CHANGELOG.md,7757,2d0f13b3c086fecd4ddda7be0d647b799e028da880281de0218351c8db91a082
CNTT-KLCN155_PART01_VERIFIED_R1/docs/plan/PART_01_CHANGELOG_R1.md,6393,7b358692db21ee6c10ba13c94eecbbdffa8bf739dfcf0b386bc18cd693af2d49
CNTT-KLCN155_PART01_VERIFIED_R1/docs/plan/PART_01_CHANGELOG_R2.md,4996,00c20b775579283bb176a6089441e57718289ea603a96f6af6165824f475a324
CNTT-KLCN155_PART01_VERIFIED_R1/docs/plan/PART_01_TASKS_AND_GATES.md,6142,599040025008af16b102d407bb2a245a9560320ed5f2e5efa63fed5ca27ef581
CNTT-KLCN155_PART01_VERIFIED_R1/docs/plan/PART_01_VERIFICATION_R1.md,18156,818c48dbf37eface2d58571ea93d5f7c1d07b6165ff40af1cf7e727456579b59
CNTT-KLCN155_PART01_VERIFIED_R1/docs/plan/PART_01_VERIFICATION_R2.md,13602,d39213e7b9fb4fdbd18b7e35c19a8a386da00738d2276a558e30c14ee1447ccb
CNTT-KLCN155_PART01_VERIFIED_R1/docs/plan/R2_1_ACCEPTANCE.md,4293,7deded49713f589754bf7cf2eabff2659286ac0e5c63a23d4c74c5bfe7b2a9b0
CNTT-KLCN155_PART01_VERIFIED_R1/docs/plan/R2_1_CHANGELOG.md,5351,69bf9205bfc889ab7d0fa2880931a6af39e82cc4d5e968b026c45c3fabf9b1c1
CNTT-KLCN155_PART01_VERIFIED_R1/docs/plan/R2_REVIEW.md,21790,01c2dde5ecf7e1dea0bb661dd51f0c700c9248bba484004863164403105a9fef
CNTT-KLCN155_PART01_VERIFIED_R1/docs/plan/REPRODUCIBILITY_GUIDE.md,8154,a1ae1dc61916844c7b73d42cb5f3ff0fbe382152abd0bed8e5953f9b9f2afc5e
CNTT-KLCN155_PART01_VERIFIED_R1/scripts/__init__.py,39,4bf861ae895cd7d58117975de648b989e0cee2e175dda70188ddc5b6e76d87cb
CNTT-KLCN155_PART01_VERIFIED_R1/scripts/audit_and_reconcile_data.py,20500,f200f11ea95e1eb57f07a90996a774555f646a43f0c2793df8f14c8f88f2ba5d
CNTT-KLCN155_PART01_VERIFIED_R1/scripts/audit_backbone_transfer.py,7853,9d33699e22db3504859b542d5e761bdee7319a9f1828a13a4af1a32e9fc83281
CNTT-KLCN155_PART01_VERIFIED_R1/scripts/build_comprehensive_visual_audit.py,13659,a48887ed21cef28da2b9460f19a215ca551d65507c766bae3abe0979404e91dc
CNTT-KLCN155_PART01_VERIFIED_R1/scripts/check_split_leakage.py,16315,35f1c954714ed6713712bfebd56373db4eb7650fd94e403708bc12d8ca5625df
CNTT-KLCN155_PART01_VERIFIED_R1/scripts/create_split_v2.py,11777,48f92f9cd5b7d384713c9b714e54b3bb63dcc71575a89c58f45ba47c1664c046
CNTT-KLCN155_PART01_VERIFIED_R1/scripts/detailed_visual_analysis.py,2703,1eaab49f335c7e3aa26c5d5e882896328de4304b9110fe888cbcfc0d4de8885f
CNTT-KLCN155_PART01_VERIFIED_R1/scripts/download_datasets.py,4216,3c5c27d2484186915295540db1c8580dc7744dd837accd9e994841c27cf0c90e
CNTT-KLCN155_PART01_VERIFIED_R1/scripts/export_official_results.py,8390,552f10977149828ca9b53b3940340c585fba512979d45e221e9f5a8e3225bf1e
CNTT-KLCN155_PART01_VERIFIED_R1/scripts/find_all_transitive_clusters.py,7885,86e124e6e4a7ccca58f6f99ff25a342accd771c1bdcb4e2d94b5bca812a2730e
CNTT-KLCN155_PART01_VERIFIED_R1/scripts/generate_phash_visual_audit.py,1764,f3e28aa7640078d171f00c1c968bd5ea500e4d9b32b6ff30b368743a5307477a
CNTT-KLCN155_PART01_VERIFIED_R1/scripts/import_ecovision_checkpoint.py,5319,af400160e208b8aac129899caf8282612982a890095538c144391ca11f79b907
CNTT-KLCN155_PART01_VERIFIED_R1/scripts/inspect_18_pairs.py,1756,8f61586e1c4938205dbed8854840f4aa6fb77deae661bbd9c379900bc3313011
CNTT-KLCN155_PART01_VERIFIED_R1/scripts/inspect_backbone_transfer.py,4732,cf7e50ea5991799a9ce1fb54210202bf5dfdfafa4cf7efc5314e0d78ef2ee66b
CNTT-KLCN155_PART01_VERIFIED_R1/scripts/inspect_plate_details.py,2783,ec335651ed17f3cf7dc6e0bbdcb0c4c9711ddb268ed569c4e906bb610c527c27
CNTT-KLCN155_PART01_VERIFIED_R1/scripts/package_part01_delivery.py,5753,198c4272555fbbdc4c4396032aed0b817ffbf8125fad7a4a996ec096fdbadd77
CNTT-KLCN155_PART01_VERIFIED_R1/scripts/reproduce_validation.py,14736,e86bf4e2b264f3cc1eaffd9240bb30b1552cb92883f4a1e4975ed1b7a464a5d2
CNTT-KLCN155_PART01_VERIFIED_R1/scripts/run_smoke_test.py,13625,f505c970c771d64b3b0cff25e23d1b6b8f269dbe7c37408f99ed2559d12923e5
CNTT-KLCN155_PART01_VERIFIED_R1/scripts/run_smoke_test_v2.py,12358,bebc7cf54f7152c44de484f4b6e9958355bd88ab5f5c87463e37cba9ac042623
CNTT-KLCN155_PART01_VERIFIED_R1/scripts/scan_all_phash_candidates.py,5046,9318e5e6c13f963477162ccaab34087f8acb56e82a449c7f4a215d12ebcc9af4
CNTT-KLCN155_PART01_VERIFIED_R1/scripts/train_official_mobilenetv3.py,17703,15f5ba3655d5587f82df20877fa1efae9e2bd2f323f81485c48b55234367ebd6
CNTT-KLCN155_PART01_VERIFIED_R1/scripts/verify_preprocessing_pipeline.py,6415,57942753c062ca1d40d312356b9cb9dee5af83f165cd032a881a3bb77b8ae8b2
CNTT-KLCN155_PART01_VERIFIED_R1/tests/data/test_dataset.py,2067,0fb2ee6fceecbd33bd89c9ec8d526bf342569569f8657f4ec4d5f788b5556186
CNTT-KLCN155_PART01_VERIFIED_R1/tests/data/test_dedup.py,3363,1e246d4e1e72999c4ee7a90bbed373c0f33abbd9435d5bbd6f3e2e71fc0b9cfd
CNTT-KLCN155_PART01_VERIFIED_R1/tests/data/test_manifest.py,1689,32270507b7db2fd5c9252edfe3a298c7f1ee1d042c493435a376f1f1554a9d8c
CNTT-KLCN155_PART01_VERIFIED_R1/tests/data/test_schema.py,1923,8c67c8c967f60d10bf5953f7e3414bf31170b24280b964fd27a904e816f53337
CNTT-KLCN155_PART01_VERIFIED_R1/tests/data/test_split.py,3790,d1fa48ea8faac69c5ac70e3ed18f8ed02ebd456b82037666b067bb61c66dfb4d
CNTT-KLCN155_PART01_VERIFIED_R1/tests/data/test_validation.py,3498,51cd9a9d25ea3250ee9580c3c55fbe1ff809f2697bc71a153cf3f3423b29d4bc
CNTT-KLCN155_PART01_VERIFIED_R1/tests/data/test_validation_cli.py,619,cdaee326843d4a7ddcf36096c2f4fe35d802282783db285ce2061d415983edaa
CNTT-KLCN155_PART01_VERIFIED_R1/tests/detection/test_detection_dataset.py,1396,6b8b275144d4106e7b5ff544ee2312c1381a0ee8b721cf446d6c4c9f55ab6b1b
CNTT-KLCN155_PART01_VERIFIED_R1/tests/detection/test_fusion_evaluation.py,3138,524c225c10fc1fa2897e0cf8b2e6738a573803b481ea139a0b480a9d548b6c9c
CNTT-KLCN155_PART01_VERIFIED_R1/tests/detection/test_train.py,1210,aefb75f249ab3f2a378681f2676ceefb946246e6c823b7b5de7e5c1d5c4d18db
CNTT-KLCN155_PART01_VERIFIED_R1/tests/detection/test_types_and_tracking.py,1969,2b18f30cfd9f2012f90898f325a72548a7271e01202e70a9fc5cd1c9abf4d81b
CNTT-KLCN155_PART01_VERIFIED_R1/tests/detection/test_visualization.py,724,b15d7edead7a16c942de838234ff40249fcf91ed8aa97c0a21b54a65da3c0d2c
CNTT-KLCN155_PART01_VERIFIED_R1/tests/detection/test_yolo_adapter.py,1773,0a5270eb25874402b8c7794c4a22852d97c1e9211cab26f358300fb0e4d52ddb
CNTT-KLCN155_PART01_VERIFIED_R1/tests/evaluation/test_evaluate.py,2481,708668a3d136c342dc9404500cdad4024c7511094e6e847109a1d9fa5e4387ce
CNTT-KLCN155_PART01_VERIFIED_R1/tests/evaluation/test_evaluate_cli.py,451,ee6b7885af115e93a8928d69c864ca4ff56d85a7e8e8a0c0281a2ca043ee1822
CNTT-KLCN155_PART01_VERIFIED_R1/tests/evaluation/test_metrics.py,1201,6280e633afec06de618aa0e489f2e2d31146925c13d967802998e98831199b43
CNTT-KLCN155_PART01_VERIFIED_R1/tests/inference/test_predict.py,3710,0d560aa9f53a24417282a7faa35368db7982d9b84810b14af136e070102d2272
CNTT-KLCN155_PART01_VERIFIED_R1/tests/inference/test_predict_cli.py,497,7855a30a8c3d4b8349610b7c16732dedcf8d2ce192bc43a4738de4b5660d2703
CNTT-KLCN155_PART01_VERIFIED_R1/tests/integration/test_data_pipeline.py,2618,ce83117a7c94b43eee16d8b6eb04f0902aac0a961ba005c8ddb7004d4be1d52d
CNTT-KLCN155_PART01_VERIFIED_R1/tests/models/test_mobilenetv3.py,834,6f1a915781e06bbdf615782adadc88e43df637846474d8d098e631e5b6c592f1
CNTT-KLCN155_PART01_VERIFIED_R1/tests/models/test_model_config.py,1153,9e8bd2baed3948e51989eaf8a5d02ab30e41175b51f9b27d2318d0ea429b0149
CNTT-KLCN155_PART01_VERIFIED_R1/tests/notebooks/test_kaggle_notebook.py,1697,3b57fce1b404d73fe01d3e0d823f7358e0c7555c094663c229db2784b2d2681d
CNTT-KLCN155_PART01_VERIFIED_R1/tests/preprocessing/test_clean_data.py,1649,f9b27b33c2d82d09b07fbedc0cb9bcc3cd06008d530b1da42899360e72c7cd66
CNTT-KLCN155_PART01_VERIFIED_R1/tests/preprocessing/test_dataloader.py,1995,93fee2d9bff2ccdb6b8f8629506c848428a39d1d1586abdf7c229cbef3f0c516
CNTT-KLCN155_PART01_VERIFIED_R1/tests/preprocessing/test_eda.py,1589,5dace2dd541768b34bb2fb2d05c15d899da40620c58adb864137aa027e1bac56
CNTT-KLCN155_PART01_VERIFIED_R1/tests/preprocessing/test_merge_datasets.py,3395,bec57d4d67b5f2323add84075110169471e3f81509803cf08789b73dbdd0ab5f
CNTT-KLCN155_PART01_VERIFIED_R1/tests/preprocessing/test_split_dataset.py,3796,eb9b1315a2bce5e82d07e55908f661b2d2ab417cd671d7ff6bb88651ebc23e04
CNTT-KLCN155_PART01_VERIFIED_R1/tests/scripts/test_download_datasets.py,3295,6c0f7256cdce587e7bc7669ddc3a5384fc5e72c322c94f61390368eda238a270
CNTT-KLCN155_PART01_VERIFIED_R1/tests/test_package_imports.py,435,ad323837f0d27a2dad94c726e1cb7fcb12fa36796caabf4a800cdc6e478dd7d4
CNTT-KLCN155_PART01_VERIFIED_R1/tests/test_repository_contract.py,1740,786ca1311dcf294a5847eaa498623f05ed381bcdec63023aff22348876e53356
CNTT-KLCN155_PART01_VERIFIED_R1/tests/test_verification_gates.py,10859,39806f33e4387b850bc1df5972c0d37434ccddcd4867b7cf4e9826a9eed92c89
CNTT-KLCN155_PART01_VERIFIED_R1/tests/training/test_checkpoint.py,4038,2e0a565a88b941d8e6d11e8dcd35084b8241f1d4b45c5f32b5dbb5e21e267ff3
CNTT-KLCN155_PART01_VERIFIED_R1/tests/training/test_data.py,3052,501806032ddf540781f7905a04498f34aca483d11495817efb53e1d5ab2a4a08
CNTT-KLCN155_PART01_VERIFIED_R1/tests/training/test_engine.py,1723,f33cab01e09689b8b9445b3f7fa2d02a73bc778629bd19b38548feb8a9e73c1e
CNTT-KLCN155_PART01_VERIFIED_R1/tests/training/test_train_cli.py,539,91b5fc1480cb298fa370e5efff9a9c196699fdf494c7eab5b0fb2298afe1dd71
CNTT-KLCN155_PART01_VERIFIED_R1/tests/training/test_train_smoke.py,3564,dbf575b1d020b2b9c3d443228ea8c7c6e8827c6846c8cc0245f4ab47fe585fdf
CNTT-KLCN155_PART01_VERIFIED_R1/tests/ui/test_app_cli.py,814,5d5fc6d3f293bc05eb90fe38eb8acde2eee57963f7e16bb32481c84abed57f66
CNTT-KLCN155_PART01_VERIFIED_R1/tests/ui/test_history.py,2196,724d4a289654a9c2e668ef43bc424ad5f9de734469523104f330471b7f74d9d1
CNTT-KLCN155_PART01_VERIFIED_R1/tests/ui/test_main_window.py,3116,e9760001d16ce069e721b65ed55cc41ed1a575421ac0aab83352cbc4e2e40e0e
CNTT-KLCN155_PART01_VERIFIED_R1/tests/ui/test_presentation.py,1124,d1771624c21ec344f5dcfcb5daad0aec6b6c5fb0b37fe192592f67fb486bbcf2
CNTT-KLCN155_PART01_VERIFIED_R1/tests/ui/test_workers.py,3685,2ffbcc5a5c61d533428f857044483f4976f016069912d1b64799be167ea0797a
CNTT-KLCN155_PART01_VERIFIED_R1/tests/web/test_app_logic.py,686,af65c20248cdf23f203818a1c04bc6651d6ca0a12493951d379bb72d50d154b9
CNTT-KLCN155_PART01_VERIFIED_R1/tests/web/test_detection_image_outputs.py,2159,bb385d2084c677b04f6da1ca849ce0569381eec4fbc3a6d50e5661fd4d4c2574
CNTT-KLCN155_PART01_VERIFIED_R1/tests/web/test_detection_settings.py,2713,f45c037d8917fce67e3c229fc558d4b809423d2995d6ad168a2802e9a00a340b
CNTT-KLCN155_PART01_VERIFIED_R1/tests/web/test_streamlit_contract.py,1742,c9d8ca24d0533d8c55f5962ef342189704e13fcdf1a8c7accf4f0d6c44d65b69
CNTT-KLCN155_PART01_VERIFIED_R1/tests/web/test_style.py,1354,974756efb9468c51ccf576dea359fe6fe6c9928977afd2d72745c72a724cf76f
CNTT-KLCN155_PART01_VERIFIED_R1/data/audit/all_cross_split_phash_candidates.csv,3196,9e6b32288ecd4ba4c8fd3d2cb75897de0837ff8c3418db7eb8e8b1660692adc7
CNTT-KLCN155_PART01_VERIFIED_R1/data/audit/all_dataset_phash_candidates.csv,6622,ec779d4d7e4e5697ef8f8dd5a75dd7b69e2788b45b6c2b370657f9d3daa7ecb2
CNTT-KLCN155_PART01_VERIFIED_R1/data/audit/audit_log.txt,4564,eb056ae5d20c3803a0da465c1a05a809e797453ab29cd9e91971c322af322e8a
CNTT-KLCN155_PART01_VERIFIED_R1/data/audit/audit_summary.json,2227,ceb9878aa73ab52bab4a7bf2785352c4bd27b5e41c3c8b1d122bbb94a8a1725d
CNTT-KLCN155_PART01_VERIFIED_R1/data/audit/backbone_transfer_audit.json,1086,87cfc27a751ffd9f15473a3b8f71ed5d7bcaf12a814352d8f489d4e4512302ca
CNTT-KLCN155_PART01_VERIFIED_R1/data/audit/backbone_transfer_keys.csv,37199,6d7dc49c4dd22fae03962534353410aeb5f00a816740394f250e7edb52a5644d
CNTT-KLCN155_PART01_VERIFIED_R1/data/audit/class_counts.csv,502,569429780a125817ac52e4949b130c7c614afc90d9606c8a357ae11a27fd8a24
CNTT-KLCN155_PART01_VERIFIED_R1/data/audit/cross_split_phash_candidates.csv,632,a38cca05d59ebdd98028655c05c42cf62689019c64170de9073ad378830cbd03
CNTT-KLCN155_PART01_VERIFIED_R1/data/audit/cross_split_phash_verdicts.csv,1595,663ca54f55f9344edb6a7cfa4fdb230f145503600e9f9b4588f96423b7082b1d
CNTT-KLCN155_PART01_VERIFIED_R1/data/audit/duplicate_groups.csv,230645,b3ebc20a18487a5ad788e79eb088826bcd615f14c2ae2cf9ef58718dab27ba37
CNTT-KLCN155_PART01_VERIFIED_R1/data/audit/excluded_samples.csv,200255,53bdf843d34c91c6fba66c0432c5525e59f3451b25e38ff9ac21f0a22b237927
CNTT-KLCN155_PART01_VERIFIED_R1/data/audit/leakage_audit_report.json,3564,3a4aaa73d03a90e9db7f9b8f64632834f44443939a7bb371ec95300e8063c5f1
CNTT-KLCN155_PART01_VERIFIED_R1/data/audit/preprocessing_pipeline_verification.json,1394,c31610d2bca0b4b880ba93334e49cafee1f9db84b8912d5858fc5568649e1ffe
CNTT-KLCN155_PART01_VERIFIED_R1/data/audit/quarantined_samples.csv,693,a5af706860aea0028b70986329ff695aa41111bf7af7ef15671942e0eeb7b5d7
CNTT-KLCN155_PART01_VERIFIED_R1/data/audit/raw_inventory.csv,3302073,d40f5a2c9c4bb652be08e126de413acad4cfa2e2c4b036158112886cecd3faba
CNTT-KLCN155_PART01_VERIFIED_R1/data/audit/split_manifest.csv,2938033,9cee644341fa2872bb1e448bbc7f444b875c73729fda43cab7c7435f326a8c69
CNTT-KLCN155_PART01_VERIFIED_R1/data/audit/split_manifest_v2.csv,3130424,1429a22ebbf95cc464881f903dae5ac6dcc5e6e64152e1dd3353e9365429ec96
CNTT-KLCN155_PART01_VERIFIED_R1/data/audit/split_v2_summary.json,1580,3453089eae1c5c2ea7bc5bf47c4095fe4a3cce660737837a714c9729a06a0122
CNTT-KLCN155_PART01_VERIFIED_R1/data/audit/transitive_chains_report.json,9163,a001dd5134460c4284901263bd75accf7a79384177dab53d96c4624c1eb1e1b7
CNTT-KLCN155_PART01_VERIFIED_R1/data/audit/visual_audit_decision_table.csv,13006,2d3cb564d2ffa3e1cd03316414462722f845acd03269b30465341b538e7d82b7
CNTT-KLCN155_PART01_VERIFIED_R1/data/audit/visual_phash_inspection/cross_pair_01_metal_vs_cardboard_dist4.jpg,24114,ff8aa8be50e735277ce61983481ad183589f865ea4e9809abe143ad389eeb688
CNTT-KLCN155_PART01_VERIFIED_R1/data/audit/visual_phash_inspection/cross_pair_02_shoes_vs_metal_dist4.jpg,16878,b5d01e33ba564e16e9ac8b51741c6eaedf0e392f18cff473b3c3fb2ed4f8a460
CNTT-KLCN155_PART01_VERIFIED_R1/data/audit/visual_phash_inspection/cross_pair_03_metal_vs_paper_dist2.jpg,19164,9c655d8e736cd784d0e7af4c8f4b0b0447bf18ad9f4bc38c67ea2fe41d491728
CNTT-KLCN155_PART01_VERIFIED_R1/data/audit/visual_phash_inspection/cross_pair_04_cardboard_vs_glass_dist4.jpg,19019,c150b4598cc8abce4264cec62fe53db13c0f4d6be0f845c002fd8efbd8113569
CNTT-KLCN155_PART01_VERIFIED_R1/data/audit/visual_phash_inspection/pair_01_cardboard_train_vs_metal_test_dist4.jpg,24950,b922271f668d793b2186af3f58c26ea28893f4f68bcaa298836052bdf3a3f25a
CNTT-KLCN155_PART01_VERIFIED_R1/data/audit/visual_phash_inspection/pair_01_metal_train_vs_metal_val_dist2.jpg,43622,87ab17bdd8bc2c886c682a3dd9a4ca605a64c6e359dd3a23461a1b95f52ae9a6
CNTT-KLCN155_PART01_VERIFIED_R1/data/audit/visual_phash_inspection/pair_02_metal_train_vs_metal_val_dist2.jpg,38940,2141b5bd2ba8711c6e4086467bc6d28eccec74ca1e0fb3e46b2facc2d3b24721
CNTT-KLCN155_PART01_VERIFIED_R1/data/audit/visual_phash_inspection/pair_02_metal_train_vs_shoes_test_dist4.jpg,18271,8b016ccf96d4852d36735a082379f821a18e3ea755b979ff7f54a53ece59956e
CNTT-KLCN155_PART01_VERIFIED_R1/data/audit/visual_phash_inspection/pair_03_metal_train_vs_metal_val_dist4.jpg,28769,503ebc2130eb1cdf98218232867e3be8e5a8c92f699b4bbd329db2cdc9cb27b6
CNTT-KLCN155_PART01_VERIFIED_R1/data/audit/visual_phash_inspection/pair_03_paper_val_vs_metal_test_dist2.jpg,20160,bc861f869a4bf03f5c35117902f206516d51c280b633865cef79592cb4804525
CNTT-KLCN155_PART01_VERIFIED_R1/data/audit/visual_phash_inspection/pair_04_cardboard_train_vs_glass_train_dist4.jpg,18863,391b72ecf2a5f5374474f700ad6b01bc255afe280f4fb5eb25047d81e8ded4f8
CNTT-KLCN155_PART01_VERIFIED_R1/data/audit/visual_phash_inspection/pair_04_metal_train_vs_metal_val_dist4.jpg,37577,b0b9d9f73a3420f94a9ea88abfea4117caacef7d9fcf266f5cdd3fdcda4496e5
CNTT-KLCN155_PART01_VERIFIED_R1/data/audit/visual_phash_inspection/pair_05_metal_train_vs_metal_val_dist2.jpg,41061,3e5280f60c0891ba4f64f60c46be3e2ecc6db65023c5fe5215105499ee0a3b61
CNTT-KLCN155_PART01_VERIFIED_R1/data/audit/visual_phash_inspection/pair_06_paper_train_vs_paper_val_dist4.jpg,69951,6c766417fbf41762f49848e54c59e6570d83f84375b25c15eeb3b488b1aac4d6
CNTT-KLCN155_PART01_VERIFIED_R1/data/audit/visual_phash_inspection/pair_07_paper_train_vs_paper_val_dist2.jpg,37446,0645658641e6dfde7184705bb10a2d69952165358d5a9bf5aa229b3806a9499d
CNTT-KLCN155_PART01_VERIFIED_R1/data/audit/visual_phash_inspection/pair_08_plastic_train_vs_plastic_val_dist4.jpg,59082,da8048b1bf7e9c37553c604baf6114a77264b45fe31cbf56528b76d5a6803651
CNTT-KLCN155_PART01_VERIFIED_R1/data/audit/visual_phash_inspection/pair_09_cardboard_train_vs_cardboard_test_dist2.jpg,39585,2284745b5477b09d00202d00bafbe0f311d8e10dc757eb0df6a52706a8014639
CNTT-KLCN155_PART01_VERIFIED_R1/data/audit/visual_phash_inspection/pair_10_cardboard_train_vs_paper_test_dist4.jpg,23874,97a818ed6209116aed9ac3176fdcc29de3479fbca35bc897ef762dec2a343a1f
CNTT-KLCN155_PART01_VERIFIED_R1/data/audit/visual_phash_inspection/pair_10_cardboard_vs_paper_conflict.jpg,24134,847a383f6a2db6210f51d796145bf33622460ba83dafdc8f9767bb93d0dc664b
CNTT-KLCN155_PART01_VERIFIED_R1/data/audit/visual_phash_inspection/pair_11_glass_train_vs_cardboard_test_dist4.jpg,19696,39ac688efcec17188c336cf305ef695e72ff6fc5579088e34a09c4800baa293d
CNTT-KLCN155_PART01_VERIFIED_R1/data/audit/visual_phash_inspection/pair_12_metal_435_vs_metal_158.jpg,23844,1e522714978b69f59b8f12934d00216427f384bdb67c68c7bc390d45e8999d69
CNTT-KLCN155_PART01_VERIFIED_R1/data/audit/visual_phash_inspection/pair_12_metal_train_vs_metal_test_dist4.jpg,24579,7ea7a83b30f95056ebe63d7eb0f6d765628cdb7ed32c286887bcd90a48ae8c47
CNTT-KLCN155_PART01_VERIFIED_R1/data/audit/visual_phash_inspection/pair_13_metal_train_vs_metal_test_dist2.jpg,27490,71fe136ed995236284d13432cef1f75b873fdd6b059482b1a6dbe667b72d2404
CNTT-KLCN155_PART01_VERIFIED_R1/data/audit/visual_phash_inspection/pair_14_metal_train_vs_paper_test_dist2.jpg,20485,425d755d8796fdc0ab054c196a393b909d165ae9910c094d1e91d7321f987751
CNTT-KLCN155_PART01_VERIFIED_R1/data/audit/visual_phash_inspection/pair_15_metal_train_vs_metal_test_dist2.jpg,18985,79f299d3d29d0f1eeb0887964e98f60125776e2c59416b05f6006554a0bf1686
CNTT-KLCN155_PART01_VERIFIED_R1/data/audit/visual_phash_inspection/pair_16_paper_train_vs_paper_test_dist4.jpg,19617,2355ef5ad4b275a2a91eb8fe84932dbcaba97beac079da367e249f7f38c473de
CNTT-KLCN155_PART01_VERIFIED_R1/data/audit/visual_phash_inspection/pair_17_paper_train_vs_paper_test_dist2.jpg,49723,eacd6fac36dbbffcf9b333f06d0e7df3e666e2b86319648f776e898a2d6ea38d
CNTT-KLCN155_PART01_VERIFIED_R1/data/audit/visual_phash_inspection/pair_18_foam_box_24_vs_12.jpg,17307,529cd732cc52969e4bed5c3cdbc6c37a2a1ac2c13e35bb8c1bb8c3277c078ad6
CNTT-KLCN155_PART01_VERIFIED_R1/data/audit/visual_phash_inspection/pair_18_plastic_train_vs_plastic_test_dist4.jpg,18148,6c5f4b8260a9c2150a6bad43fbcd768c4645c510b95a108f0c25b46ffbe45031
CNTT-KLCN155_PART01_VERIFIED_R1/data/audit/visual_phash_inspection/same_cls_01_metal_test_dist4.jpg,24100,5bba10a0491e6ca6f237191433e9e8e396dbfa2ff6d70c30bdfc7fa1e25955e4
CNTT-KLCN155_PART01_VERIFIED_R1/data/audit/visual_phash_inspection/same_cls_02_metal_test_dist2.jpg,40298,0c3c31727371113af48bf8bd57c79831e59d635b8c6f3dab70e2da4c762cbeb3
CNTT-KLCN155_PART01_VERIFIED_R1/data/audit/visual_phash_inspection/same_cls_03_metal_test_dist4.jpg,20701,cd5f08663a79a95b8b55d2e049be672fbf4a55f33942980fda650c77ada014f5
CNTT-KLCN155_PART01_VERIFIED_R1/data/audit/visual_phash_inspection/same_cls_04_metal_test_dist2.jpg,55827,f505a5b4f2f5640facd5b4b813d794878f7824a3f77131fd7c3ed9d486dd1a38
CNTT-KLCN155_PART01_VERIFIED_R1/data/audit/visual_phash_inspection/same_cls_07_paper_test_dist4.jpg,69644,e7c01e2f6b9c2956d3ab671b3c717bd61b1ceb36805997cf0425f1bc6d508408
CNTT-KLCN155_PART01_VERIFIED_R1/data/audit/visual_phash_inspection/same_cls_09_shoes_test_dist4.jpg,20690,d16ce98393d36c8e4d2986b5cf681260800ad7da5be195c04f309f176c7b3600
CNTT-KLCN155_PART01_VERIFIED_R1/data/audit/visual_phash_inspection/same_cls_10_battery_train_dist4.jpg,37145,9a8eae969714cbc1e9e67afcd5b09c323e1b3d3e6b88fecae9632bf109c4d15c
CNTT-KLCN155_PART01_VERIFIED_R1/data/audit/visual_phash_inspection/same_cls_11_cardboard_train_dist2.jpg,39089,46f796c4f99d97a875649c85347eaa7803c73d40c51814f4d62185b1704ba063
CNTT-KLCN155_PART01_VERIFIED_R1/data/audit/visual_phash_inspection/same_cls_13_cardboard_train_dist4.jpg,19792,99c4b6d7f1fd9af032e23e8a9bcdd3c53b6c446a9b0b7769af660681d600e263
CNTT-KLCN155_PART01_VERIFIED_R1/data/audit/visual_phash_inspection/same_cls_14_cardboard_train_dist2.jpg,44114,d7965a56aa8fdacc499f5f8beaf3234e3b75fb0a9721ef602a220b65e5578e1f
CNTT-KLCN155_PART01_VERIFIED_R1/data/audit/visual_phash_inspection/same_cls_15_metal_train_dist2.jpg,43347,25c22fb24653e5084fb607a8da5d6959817599b7e1f8f833a6decf52341494df
CNTT-KLCN155_PART01_VERIFIED_R1/data/audit/visual_phash_inspection/same_cls_16_metal_train_dist2.jpg,38615,f8a5dd8b1dc29b2404623d788b25a57c2fd2034087c05e583025c1813cb4cafa
CNTT-KLCN155_PART01_VERIFIED_R1/data/audit/visual_phash_inspection/same_cls_17_metal_train_dist4.jpg,62406,a04a5adee0254078b991e66fb128ee29e546a323365456014ff43564594b632d
CNTT-KLCN155_PART01_VERIFIED_R1/data/audit/visual_phash_inspection/same_cls_18_metal_train_dist4.jpg,55438,6756151afee84a21e4ba1415d89adbe3e5c32eaa91d2dbb3bd401afc5cb981e9
CNTT-KLCN155_PART01_VERIFIED_R1/data/audit/visual_phash_inspection/same_cls_19_metal_train_dist2.jpg,27174,884208c2fea944c230182709e535d90a6743cd8840bebd1001d4e819415e82d3
CNTT-KLCN155_PART01_VERIFIED_R1/data/audit/visual_phash_inspection/same_cls_20_metal_train_dist4.jpg,28468,3afb7538a584c942ecab9a472f0f59ad572c46867b642a239088f150d7ca00a0
CNTT-KLCN155_PART01_VERIFIED_R1/data/audit/visual_phash_inspection/same_cls_21_metal_train_dist4.jpg,37265,bd20b1a0dee412c4a934edb04b673fc7622baa2c471aeecb0452e98425402504
CNTT-KLCN155_PART01_VERIFIED_R1/data/audit/visual_phash_inspection/same_cls_22_metal_train_dist2.jpg,22236,70eff1707e7c33515b2648e4c0bc692ac2994e10fada34e0e9b319eb04ec098c
CNTT-KLCN155_PART01_VERIFIED_R1/data/audit/visual_phash_inspection/same_cls_23_metal_train_dist2.jpg,18718,21cd34ea5859ca930c2703e9f3a62ca729e21a19acb795d9772f8dbd23f18606
CNTT-KLCN155_PART01_VERIFIED_R1/data/audit/visual_phash_inspection/same_cls_24_paper_train_dist2.jpg,49426,1fbb7f3176c77da6a54e700a553473ed48e7e814d64d0bdb51c6ac95ce6505ec
CNTT-KLCN155_PART01_VERIFIED_R1/data/audit/visual_phash_inspection/same_cls_25_paper_train_dist4.jpg,19424,0e072e16e6d1e29606c34c647defd4ad4c8f48aca8e1ce7a8c3d94a7e3730e5a
CNTT-KLCN155_PART01_VERIFIED_R1/data/audit/visual_phash_inspection/same_cls_26_paper_train_dist4.jpg,35955,828704520455f9311c83b5dc10cfeba23ed1c4b2b445f21f880bfe967581567d
CNTT-KLCN155_PART01_VERIFIED_R1/data/audit/visual_phash_inspection/same_cls_27_paper_train_dist4.jpg,42165,86a329ac8d73ea7e5711537b0547d41c55b5f1d5cdc433b498386364a448c27d
CNTT-KLCN155_PART01_VERIFIED_R1/data/audit/visual_phash_inspection/same_cls_28_plastic_train_dist4.jpg,58710,d3037963699a9643db69346f400d24b7b95e9a6602628bb14e1f8eea0b079795
CNTT-KLCN155_PART01_VERIFIED_R1/data/audit/visual_phash_inspection/same_cls_29_plastic_train_dist4.jpg,17724,85bccfd61f93371864d876dfd9b721760475203ced4d5be89bbb677515579298
CNTT-KLCN155_PART01_VERIFIED_R1/data/audit/visual_phash_inspection/same_cls_30_metal_val_dist4.jpg,17317,a87241677df37ff6ca7ca21c86cf99cc2e29491ed1577912b795a2c6f1248344
CNTT-KLCN155_PART01_VERIFIED_R1/data/audit/visual_phash_inspection/same_cls_31_metal_val_dist4.jpg,53574,5199d01a24e49974abdbfe132ca3c9fba4e55eb09133588874854b95675aa370
CNTT-KLCN155_PART01_VERIFIED_R1/data/audit/visual_phash_inspection/same_cls_32_metal_val_dist2.jpg,27467,0ada5a8f67e00ea57c830f2a43a8e2cadab90b43ffcd078b1065e6ad04695f33
CNTT-KLCN155_PART01_VERIFIED_R1/data/audit/visual_phash_inspection/same_cls_33_paper_val_dist2.jpg,36879,4a31cf46fada8fcab752ba3c4c9957e9b1de224f6f5ee04a1400338065e7e223
CNTT-KLCN155_PART01_VERIFIED_R1/data/metadata/dataset_info.csv,2298135,8cddf682fed41363b859aa73333953136c0670061bed802e267201a697b5ab82
CNTT-KLCN155_PART01_VERIFIED_R1/data/metadata/label_mapping.csv,260,ddc172920d91a15c26cfb3f2adb292fa99e6db02253f1c2572b75baa6e11652f
CNTT-KLCN155_PART01_VERIFIED_R1/artifacts/official_run/best_model.pt,50929856,c824fec4f3d1dffff946cd8ad7e2d4f121be33e684dda4e6af92b5bda343e424
CNTT-KLCN155_PART01_VERIFIED_R1/artifacts/official_run/official_training_metrics.json,6837,f72aaf70f2194c52cb67760fc0494136f7dd9657e2835cf7d9397c8b3b6a359f
CNTT-KLCN155_PART01_VERIFIED_R1/artifacts/official_run/official_training_raw_execution.log,12574,a1c6ca0c5beca94b7b8e22f3bdfbc9645b8579df981602d4198211cf9355f7ed
CNTT-KLCN155_PART01_VERIFIED_R1/artifacts/official_run/reproduced_validation_summary.json,2511,dc0ab4a82e1eee366a021841ef55d5eac5d1358663a12ebf55e8f5d843dc7be3
CNTT-KLCN155_PART01_VERIFIED_R1/artifacts/official_run/standalone_package_verification.log,3120,a0347ea4cc38b1064581aea29669eeeb43ed60be56747bcbb9cd8822a99fcb04
CNTT-KLCN155_PART01_VERIFIED_R1/artifacts/official_run/training_history.csv,723,1c0729333f24d4704a2c2f0cc7260edfd76e866578769da3e59d6b50fdaf7066
CNTT-KLCN155_PART01_VERIFIED_R1/artifacts/official_run/val_confusion_matrix.csv,381,cc5e65a4ce8041fa9318a103a17742abba27acb1470268f23122cc1241b735e2
CNTT-KLCN155_PART01_VERIFIED_R1/artifacts/official_run/val_error_analysis.csv,18318,932a2afcbe7f8ba2a02ddb96dc96cb430f41046dfaa8f9fedae1b9db971d504b
CNTT-KLCN155_PART01_VERIFIED_R1/artifacts/official_run/val_predictions.csv,476378,6f899457a3093ecd709057e15ba6969670219b8f1877659d52d59af38ca78a0b
CNTT-KLCN155_PART01_VERIFIED_R1/configs/detection_dataset.yaml,468,75d0877a0f5cc71ad06fea539c6a713b56d6c624a908316de8a3458b201ffefe
CNTT-KLCN155_PART01_VERIFIED_R1/configs/detection_fusion.yaml,388,f0d3550ec5ad744c5d89199408d43f2180ff5801aadfc0d2989472f66944129a
CNTT-KLCN155_PART01_VERIFIED_R1/configs/detection_training.yaml,633,d8972a438163874ad2e8f24b247d94d54970b534770432160cdee0f47d68a0c7
CNTT-KLCN155_PART01_VERIFIED_R1/configs/detection_training_rtx2050.yaml,711,0f486b4155343c1b64553df7161dab254d1c7f9de8887b23472d1b59c223ef31
CNTT-KLCN155_PART01_VERIFIED_R1/configs/model_config.yaml,566,66fb8d37e7e7b9dcda3a317184c2823743fb11500a5f6588b7a16fd9fe2c9709
CNTT-KLCN155_PART01_VERIFIED_R1/configs/preprocessing_config.yaml,574,7c7d951aa53f67091b50bdf4b8c9b916c3890c69e53867af19fdb57bf449d1d8
