source,source_image_id,filename,url,license,image_sha256,label_sha256,relative_image_path,relative_label_path,group_id,phash,classes_present,num_boxes,ambiguous_boxes_count,review_status,split,width,height
taco,82,taco_0082.jpg,https://farm66.staticflickr.com/65535/47855536111_0d1ba44721_z.jpg,CC BY 4.0 / Flickr CC,6f7729f1a599ae66666fd0fac50462c3bf706adf570b2aa47364f93bd2f186eb,f5b68d16273389af6b68797b9c1f5910db319ff0393bfbcdcb8352dfcd355d95,images/real/taco_0082.jpg,labels/real/taco_0082.txt,taco_grp_0082,7161f9c5c7cfe7f7,"[0, 5, 7]",7,0,UNREVIEWED,pilot_sample,3264,2448
taco,68,taco_0068.jpg,https://farm66.staticflickr.com/65535/46939272735_43c98a9d25_z.jpg,CC BY 4.0 / Flickr CC,7eb30e3acaa9af2785651e202fbe0b2571c3e89dc88ed133f97d7721f5775fce,256bb4f7cfbbf398ec10889043de30b91a1223a300d278c408735824236180f7,images/real/taco_0068.jpg,labels/real/taco_0068.txt,taco_grp_0068,00c4c4e7fffff0c0,"[1, 5]",2,0,UNREVIEWED,pilot_sample,2448,3264
taco,72,taco_0072.jpg,https://farm66.staticflickr.com/65535/33978225078_ddc894ef40_z.jpg,CC BY 4.0 / Flickr CC,57e6972370410b6604fa397584c53530110c8407c952877e21855833817f602f,8dd14b82e46fa7b42a5f6c21755b10f6d3cf1f94a1aa08c65308c86efbef1c26,images/real/taco_0072.jpg,labels/real/taco_0072.txt,taco_grp_0072,3f1f0707c7c70707,"[1, 7]",2,0,UNREVIEWED,pilot_sample,2448,3264
taco,81,taco_0081.jpg,https://farm66.staticflickr.com/65535/47803367282_957934fcae_z.jpg,CC BY 4.0 / Flickr CC,c226c24db03a1f096d3d77414d1f87dc46aa13590b83d9480dd398bbb7af8bfa,0b85fcaeb207b41c70502e13e781bf160c00d80c8eacaf68f4c05e5d08568954,images/real/taco_0081.jpg,labels/real/taco_0081.txt,taco_grp_0081,e0f0eadcdce0c000,"[1, 2, 9]",6,0,UNREVIEWED,pilot_sample,2448,3264
taco,92,taco_0092.jpg,https://farm66.staticflickr.com/65535/47803374112_025962fc37_z.jpg,CC BY 4.0 / Flickr CC,86bb22c1d94a9bee4224ddfafa633ffae1c9e4bc23b5d19593570ce1c5ac8ff3,598a27a6d397d24c8e81e401e81c47aabf97eb207682b2705604355786aca3d9,images/real/taco_0092.jpg,labels/real/taco_0092.txt,taco_grp_0092,0f0300007858f8e0,[1],1,0,UNREVIEWED,pilot_sample,2448,3264
taco,704,taco_0704.jpg,https://farm66.staticflickr.com/65535/47855685701_24692569de_z.jpg,CC BY 4.0 / Flickr CC,af0fba31cb00cff349f8c12600096f7b8dc63f9f0d94cbc48f5da1ff57c06744,d83641754c63d475a1f674be44c0201bed2e59205db00eb96f9e5f418d36a57f,images/real/taco_0704.jpg,labels/real/taco_0704.txt,taco_grp_0704,000000000bffffff,"[1, 6, 7, 9]",4,0,UNREVIEWED,pilot_sample,2448,3264
taco,853,taco_0853.jpg,https://farm66.staticflickr.com/65535/47855809301_4681535632_z.jpg,CC BY 4.0 / Flickr CC,7d6dc8b44985f7865c50e8a1bb80553081ba1020a4f862f84c2ee40e0e711c7a,8725db0cfd31d30c769d96cbc802c17ed1b7dddb3ce3d74fb08848b0755132b8,images/real/taco_0853.jpg,labels/real/taco_0853.txt,taco_grp_0853,7f0000000000ffff,"[4, 5, 6, 7, 8, 9]",20,0,UNREVIEWED,pilot_sample,3264,2448
taco,1323,taco_1323.jpg,https://farm66.staticflickr.com/65535/48603731832_31827ca000_z.jpg,CC,9ca07faf64ad06da4b79315f74c80af46072736e4308c36f7a1d930a287dc384,1f676aa66d3c55000a757aa558ac10c051722cb900b55be50bab7cfcd8af5bbe,images/real/taco_1323.jpg,labels/real/taco_1323.txt,taco_grp_1323,9fdfff7f06000000,"[2, 4, 5, 6, 7, 9]",17,0,UNREVIEWED,pilot_sample,3264,2448
taco,860,taco_0860.jpg,https://farm66.staticflickr.com/65535/40889195133_335c455c2f_z.jpg,CC BY 4.0 / Flickr CC,b52b82504b2d1919d82f426965fd5ee0341e4ad45a3995da2e94d53706386069,e0e128703d181f1a8ec1e69a640556379f3195b6c5d223ae6c3e7d56706e478a,images/real/taco_0860.jpg,labels/real/taco_0860.txt,taco_grp_0860,0f01fefef8f8fac0,"[2, 4, 5, 6, 7, 9]",13,0,UNREVIEWED,pilot_sample,2448,3264
taco,89,taco_0089.jpg,https://farm66.staticflickr.com/65535/47855540001_64a57612f2_z.jpg,CC BY 4.0 / Flickr CC,4844d24e10509d7af20a1d9597cc5d05b941d334fa779acf70af324415be84c8,7ed241deb2467ace79ffa7a875965909dc3451a89ce6dd8ffe68554eac83d04e,images/real/taco_0089.jpg,labels/real/taco_0089.txt,taco_grp_0089,f070f89c9c3e3e1d,"[2, 5, 6, 7, 9]",12,0,UNREVIEWED,pilot_sample,3264,2448
taco,1488,taco_1488.jpg,https://farm66.staticflickr.com/65535/48701151906_f0c7bcfab8_z.jpg,CC,f8493a4d9702a7b67e8276c70abe70149c37b33dee9e5682c107ebc1b410f339,e8bfb83c637c2e92c6c86145eaf1373625ff674221a679f0ea93c10ff9c1ad1e,images/real/taco_1488.jpg,labels/real/taco_1488.txt,taco_grp_1488,f8e83cf1e08080fc,"[2, 5, 6, 7, 9]",10,0,UNREVIEWED,pilot_sample,1824,4000
taco,186,taco_0186.jpg,https://farm66.staticflickr.com/65535/48694281772_8e4fcd7084_z.jpg,CC,37ed84e60b203c3f4b94e7041971b234a00a6a983e1cc8604ef0eaa413a0386d,20cb304be60c57927eb9c1ff6c189012370fb84161bd9947d2c769c9a9f8e8c3,images/real/taco_0186.jpg,labels/real/taco_0186.txt,taco_grp_0186,808080ffffffffff,"[2, 4, 5, 7, 9]",9,0,UNREVIEWED,pilot_sample,1824,4000
taco,1213,taco_1213.jpg,https://farm66.staticflickr.com/65535/40889679993_0c394d6df7_z.jpg,CC BY 4.0 / Flickr CC,b6f5aed0d56f6015cd759b12eec9a3e10100a262bf50b658065fc205c9bad93d,609f1207043cd99a1bc23b62ddcbc7e23eecd6eba4d57d7deb42be76b34162cd,images/real/taco_1213.jpg,labels/real/taco_1213.txt,taco_grp_1213,00fcffffee3f1f0f,"[2, 6, 7, 9]",24,0,UNREVIEWED,pilot_sample,2448,3264
taco,1353,taco_1353.jpg,https://farm66.staticflickr.com/65535/48580353981_0c61b14c1e_z.jpg,CC,380801584131ae92a11515723a74d9631b7f6b6297383d5e1c639d19ccf094a6,7c62f01cc7035c8074e995f55ffac56079ac99c7fda40f6c6f9d344a1aded947,images/real/taco_1353.jpg,labels/real/taco_1353.txt,taco_grp_1353,3f9f1f0020000000,"[4, 6, 7, 9]",22,0,UNREVIEWED,pilot_sample,3264,2448
taco,135,taco_0135.jpg,https://farm66.staticflickr.com/65535/48693802113_6a95a272e6_z.jpg,CC,79b6693581bf8aea7eec5ae2ba77fba017cb05dea700a034f3bb22fcc858fa23,28cbc1bf80080c10add9ede6e4df65ff44bcfa48ad2c0be04b9aeb419c461a4f,images/real/taco_0135.jpg,labels/real/taco_0135.txt,taco_grp_0135,fffffff40000c0df,"[5, 6, 7, 9]",21,0,UNREVIEWED,pilot_sample,1824,4000
taco,1107,taco_1107.jpg,https://farm66.staticflickr.com/65535/40889614263_7909aec06a_z.jpg,CC BY 4.0 / Flickr CC,a80d17dfb811f1a84b6f74f453fa7047d2930d1ad98c26adfc63635b2920f230,1279c862859ef1503ed7e354dbbf7d0173b3ba623cae799c71045f47ca996b02,images/real/taco_1107.jpg,labels/real/taco_1107.txt,taco_grp_1107,f0f0f0e0e0c1870f,"[5, 6, 7, 9]",90,0,UNREVIEWED,pilot_sample,2448,3264
taco,0,taco_0000.jpg,https://farm66.staticflickr.com/65535/33978196618_632623b4fc_z.jpg,CC BY 4.0 / Flickr CC,2107981d12851a3205d008483ab8b5f150183c0939359bd9902f170aecd65dea,6d2aeb52569edc4c42944bdac06b01fb5548c0374ad94497618d54c045c0596b,images/real/taco_0000.jpg,labels/real/taco_0000.txt,taco_grp_0000,02160e0f0767ff7f,[4],1,0,UNREVIEWED,pilot_sample,1537,2049
taco,1,taco_0001.jpg,https://farm66.staticflickr.com/65535/47803331152_19beae025a_z.jpg,CC BY 4.0 / Flickr CC,4e10298183851c254b95352330fad9100fa7112cd037f226fc3aa22552eba12d,dd327a1b24e70933493a50db031a7977091de4040b37e1df6edbce808c9742d7,images/real/taco_0001.jpg,labels/real/taco_0001.txt,taco_grp_0001,c0e0f0f8fcfe9800,[2],2,0,UNREVIEWED,pilot_sample,1537,2049
taco,2,taco_0002.jpg,https://farm66.staticflickr.com/65535/40888872753_631ab0f441_z.jpg,CC BY 4.0 / Flickr CC,7c7311944d812ff4d5acc335510c6a3ff4cc5cfcc8ddb32f5deaa0b88ceec219,3bd457c71c6c55e86088294795d2c73babe194fc12f22c951f7d6af7d9c22254,images/real/taco_0002.jpg,labels/real/taco_0002.txt,taco_grp_0002,feff3f1f03000000,[7],2,0,UNREVIEWED,pilot_sample,1537,2049
taco,841,taco_0841.jpg,https://farm66.staticflickr.com/65535/47803638652_56559babf9_z.jpg,CC BY 4.0 / Flickr CC,a9f0d4e12182944d1aeef73263bc3c3dc44cd97078a8e59d1f7aea3db7e0018a,5ebe757d0274a9274519017cd2dde127197cd114927b681b073146465845af2f,images/real/taco_0841.jpg,labels/real/taco_0841.txt,taco_grp_0841,fcf2e0e0e0f0e080,"[1, 7]",2,0,UNREVIEWED,pilot_sample,2448,3264
taco,924,taco_0924.jpg,https://farm66.staticflickr.com/65535/47066650354_bfd7d5618c_z.jpg,CC BY 4.0 / Flickr CC,c0b52d1dfe17431e9ff06081797349a7e94320f71829adef99eb40d6c449413e,0c194d7f7baeb87b03925996978b206c04f973e887024a245e353815050dd571,images/real/taco_0924.jpg,labels/real/taco_0924.txt,taco_grp_0924,ecbe7fdf8988ce73,"[1, 7]",4,0,UNREVIEWED,pilot_sample,3264,2448
taco,10,taco_0010.jpg,https://farm66.staticflickr.com/65535/40888877173_734cec88e1_z.jpg,CC BY 4.0 / Flickr CC,57c40a22fab59868285a16bb83718a1b0abeedbc0bf5215c7adaa36f955144a0,5830f45c204b5d527dbc27f63126cb44a162f90a7e23962fd9cc529019fb3afa,images/real/taco_0010.jpg,labels/real/taco_0010.txt,taco_grp_0010,0000072fffffffff,"[4, 7]",2,0,UNREVIEWED,pilot_sample,1537,2049
taco,15,taco_0015.jpg,https://farm66.staticflickr.com/65535/46939252345_2a66fc213a_z.jpg,CC BY 4.0 / Flickr CC,dd0ae09c8caae408cdf8fed69c42835e1a90563e6d5c7385cc8a193ee5bbace7,b9e95a651fe2f5587999f2ff1e6103faba8d5aa349bf4874a316dcc085a9e7a5,images/real/taco_0015.jpg,labels/real/taco_0015.txt,taco_grp_0015,03030307070393ff,[7],3,0,UNREVIEWED,pilot_sample,1537,2049
taco,20,taco_0020.jpg,https://farm66.staticflickr.com/65535/47855508601_491860b3d0_z.jpg,CC BY 4.0 / Flickr CC,c7b5199c1d2ca0b3f675f1f2fb04c4cc964b999da0a7cfab23a52dd108f6fb1a,89a2d4970680af5705096f8bebe65657befa9bb6e719c31e14a39c2f5b50ab2a,images/real/taco_0020.jpg,labels/real/taco_0020.txt,taco_grp_0020,04066e737f670301,[5],4,0,UNREVIEWED,pilot_sample,2049,1537
taco,25,taco_0025.jpg,https://farm66.staticflickr.com/65535/46939254645_d86872df65_z.jpg,CC BY 4.0 / Flickr CC,dc9da4ffbdc46393eabc8fee40c3748508ff702c18dbfabd3d13f8460b74fbff,20be07b7baa2b90ad303b632df09a51865c37971cf2245ba4776aa87b7bd586e,images/real/taco_0025.jpg,labels/real/taco_0025.txt,taco_grp_0025,79df868a602001c2,"[4, 7]",2,0,UNREVIEWED,pilot_sample,2049,1537
openimages_v7,003232584a062b07,oi_003232584a062b07.jpg,https://open-images-dataset.s3.amazonaws.com/validation/003232584a062b07.jpg,CC BY 2.0 / CC BY 4.0,abfd3dc64c879752bcb2a5df87f4aa8d25f5e530ff2ef45a2f7159ebc2a03822,6e4ef3288f359d31df6576bc1bb31808d47f71ab598192031c6fcc3bc68a9316,images/real/oi_003232584a062b07.jpg,labels/real/oi_003232584a062b07.txt,oi_grp_00323258,00383c3c3e0f2ffc,[5],3,0,UNREVIEWED,pilot_sample,1024,768
openimages_v7,0804e479f3848a5a,oi_0804e479f3848a5a.jpg,https://open-images-dataset.s3.amazonaws.com/validation/0804e479f3848a5a.jpg,CC BY 2.0 / CC BY 4.0,f4bf4d8f64f9f931cc302c55fdc9c8fa838147815dd7b22192060180beadb1f5,9c2c4bd8900438b6f13134311d51f580b2cbd22f8a3deaae2fcfddbfef7fddc0,images/real/oi_0804e479f3848a5a.jpg,labels/real/oi_0804e479f3848a5a.txt,oi_grp_0804e479,ffc0189818b0d8fe,[5],1,0,UNREVIEWED,pilot_sample,723,1024
openimages_v7,13cf6bf7a6614f07,oi_13cf6bf7a6614f07.jpg,https://open-images-dataset.s3.amazonaws.com/validation/13cf6bf7a6614f07.jpg,CC BY 2.0 / CC BY 4.0,4882dd216663aa00725375d31b4e8fc9668c36318a367ac72938a71cae735e78,cc99461e9b1f46e09a67c56877f46013306432b9afbbef3263b25e7f117676af,images/real/oi_13cf6bf7a6614f07.jpg,labels/real/oi_13cf6bf7a6614f07.txt,oi_grp_13cf6bf7,7f3f3e3c6c0000a0,[5],1,0,UNREVIEWED,pilot_sample,1024,768
openimages_v7,01d160559286c930,oi_01d160559286c930.jpg,https://open-images-dataset.s3.amazonaws.com/validation/01d160559286c930.jpg,CC BY 2.0 / CC BY 4.0,a76609a18b42f2edd51eace8ee9e3d29ce17590314b190f7ded9ac835bffe5ba,a7da0cb2185fb1368e3434738918d3847acd08ba8a4bf59be01b3effe4d7f413,images/real/oi_01d160559286c930.jpg,labels/real/oi_01d160559286c930.txt,oi_grp_01d16055,ffff9f97c1c191ff,[4],1,0,UNREVIEWED,pilot_sample,1024,682
openimages_v7,04d9284ebdc41aeb,oi_04d9284ebdc41aeb.jpg,https://open-images-dataset.s3.amazonaws.com/validation/04d9284ebdc41aeb.jpg,CC BY 2.0 / CC BY 4.0,d4817404c970d74eacac92299faa1e9e4f2b5084b68d0d2dd5995435a34f1b6d,62b5a8e9423480b41c827f0d695e78ffe443d019c6d681264d72394a0fde1b45,images/real/oi_04d9284ebdc41aeb.jpg,labels/real/oi_04d9284ebdc41aeb.txt,oi_grp_04d9284e,0000000f8ffff9f1,[4],1,0,UNREVIEWED,pilot_sample,768,1024
openimages_v7,106c8de22ed8d1d4,oi_106c8de22ed8d1d4.jpg,https://open-images-dataset.s3.amazonaws.com/validation/106c8de22ed8d1d4.jpg,CC BY 2.0 / CC BY 4.0,ce46471fc8d2d78238a7b0ab1ac4764d4b513432ddf5d78b0940f8c746309af6,c0f7e2e73ec53c64cff4d48a92a62c14e8c0de23d589d8df96ad1104983bee4a,images/real/oi_106c8de22ed8d1d4.jpg,labels/real/oi_106c8de22ed8d1d4.txt,oi_grp_106c8de2,00003cbe3cc01b3f,"[3, 4]",7,0,UNREVIEWED,pilot_sample,683,1024
openimages_v7,04e310af546ec9d0,oi_04e310af546ec9d0.jpg,https://open-images-dataset.s3.amazonaws.com/validation/04e310af546ec9d0.jpg,CC BY 2.0 / CC BY 4.0,cd6abfbaf100ea2243fc5bfd731ce46865040e953222f0b7acc18e2b92b8f23f,f6798f8e01d27dc04d07deb9216bf3c3bdcb34e09700d7d3235ea30c447c34e6,images/real/oi_04e310af546ec9d0.jpg,labels/real/oi_04e310af546ec9d0.txt,oi_grp_04e310af,1e7f7c7870707020,[2],1,1,UNREVIEWED,pilot_sample,1024,709
openimages_v7,07d2a7e5d98e6f27,oi_07d2a7e5d98e6f27.jpg,https://open-images-dataset.s3.amazonaws.com/validation/07d2a7e5d98e6f27.jpg,CC BY 2.0 / CC BY 4.0,2536bedce3e9eec57bbd86e97c6fb8deb1dfc0c7b92d9ae6ce20b8ae92ffc684,f6798f8e01d27dc04d07deb9216bf3c3bdcb34e09700d7d3235ea30c447c34e6,images/real/oi_07d2a7e5d98e6f27.jpg,labels/real/oi_07d2a7e5d98e6f27.txt,oi_grp_07d2a7e5,ffefc7c747070f09,[2],1,1,UNREVIEWED,pilot_sample,1024,813
openimages_v7,00a36f96e31731c4,oi_00a36f96e31731c4.jpg,https://open-images-dataset.s3.amazonaws.com/validation/00a36f96e31731c4.jpg,CC BY 2.0 / CC BY 4.0,c87a0134a53af87739cc60bcf6cec966e7fc475f3d3ae9032095299dbe8a8124,a3cc9f0e5fb9a7635b737393e82507dcacdf16d2e276bb56544fe39d2e7699df,images/real/oi_00a36f96e31731c4.jpg,labels/real/oi_00a36f96e31731c4.txt,oi_grp_00a36f96,07071d1d7d703019,[7],1,1,UNREVIEWED,pilot_sample,1024,768
openimages_v7,02deba0102b5ce2a,oi_02deba0102b5ce2a.jpg,https://open-images-dataset.s3.amazonaws.com/validation/02deba0102b5ce2a.jpg,CC BY 2.0 / CC BY 4.0,9ac761414d0c7188817fc0126406b7353d1b64256010dce3052360068f37eafb,abddedc53446ecae9d51faa9bd41a5eefb98e0559281b336e507d9912a970f19,images/real/oi_02deba0102b5ce2a.jpg,labels/real/oi_02deba0102b5ce2a.txt,oi_grp_02deba01,0f0000f8fffefeff,[4],1,1,UNREVIEWED,pilot_sample,684,1024
