pair_key,file1,file2,class1,class2,split1,split2,hamming_dist,pixel_mae,relationship,rationale,comparison_image,inspector,inspection_timestamp,status
CROSS_01,vn_trash_train_beverage_cans174.jpg,garbage_v2_cardboard_1286.jpg,metal,cardboard,test,train,4,19.0,DISTINCT_OBJECTS_VISUAL_COINCIDENCE,Visual inspection confirms distinct physical objects: Left is a blank white aluminum beverage can; Right is a rectangular Milbona milk carton (green/purple). Resemblance is an artifact of DCT low-frequency response on uniform white studio background.,cross_pair_01_metal_vs_cardboard_dist4.jpg,Antigravity Tech Lead & ML Engineer,2026-10-02T00:05:00+07:00,VERIFIED
CROSS_02,garbage_v2_shoes_1003.jpg,vn_trash_train_beverage_cans820.jpg,shoes,metal,test,train,4,10.91,DISTINCT_OBJECTS_VISUAL_COINCIDENCE,Visual inspection confirms distinct physical objects: Left is a brown leather toddler sandal; Right is a red Coca-Cola aluminum can. Resemblance is due to both being small centered objects on white canvas.,cross_pair_02_shoes_vs_metal_dist4.jpg,Antigravity Tech Lead & ML Engineer,2026-10-02T00:05:00+07:00,VERIFIED
CROSS_03,vn_trash_train_beverage_cans174.jpg,vn_trash_test_paper_cups 599.jpg,metal,paper,test,val,2,12.3,DISTINCT_OBJECTS_VISUAL_COINCIDENCE,"Visual inspection confirms distinct physical objects: Left is a blank white aluminum beverage can; Right is a stack of white paper cups with decorative lines. Both are white vertical cylinders on white background, causing low Hamming distance.",cross_pair_03_metal_vs_paper_dist2.jpg,Antigravity Tech Lead & ML Engineer,2026-10-02T00:05:00+07:00,VERIFIED
CROSS_04,garbage_v2_cardboard_1333.jpg,garbage_v2_glass_499.jpg,cardboard,glass,train,train,4,19.48,DISTINCT_OBJECTS_VISUAL_COINCIDENCE,Visual inspection confirms distinct physical objects: Left is a rectangular coconut water carton (Planete BIO); Right is a tall slender green glass wine bottle. Both in train split.,cross_pair_04_cardboard_vs_glass_dist4.jpg,Antigravity Tech Lead & ML Engineer,2026-10-02T00:05:00+07:00,VERIFIED
LEGACY_PAIR_10,vn_trash_train_cardboard438.jpg,garbage_v2_paper_582.jpg,cardboard,paper,quarantined,quarantined,4,13.59,CROSS_CLASS_LABEL_CONFLICT,"Same cylindrical cardboard/paper container object appearing in both datasets with conflicting labels (vn_trash labelled Carton=cardboard, garbage_v2 labelled paper). QUARANTINED to data/audit/quarantined_samples.csv to prevent label noise and data contamination.",pair_10_cardboard_vs_paper_conflict.jpg,Antigravity Tech Lead & ML Engineer,2026-10-02T00:05:00+07:00,VERIFIED
LEGACY_PAIR_12,garbage_v2_metal_435.jpg,garbage_v2_metal_158.jpg,metal,metal,test,test,4,34.99,SAME_CLASS_DISTINCT_OBJECTS_VISUAL_COINCIDENCE,Visual inspection confirms two distinct beverage cans: Left has dark shadow on right side with different rim; Right is centered with different lighting and label graphics. Grouped together into Test in Split V2.,pair_12_metal_435_vs_metal_158.jpg,Antigravity Tech Lead & ML Engineer,2026-10-02T00:05:00+07:00,VERIFIED
LEGACY_PAIR_18,vn_trash_train_00000024.jpg,vn_trash_train_00000012.jpg,plastic,plastic,train,train,4,9.95,SAME_CLASS_DISTINCT_OBJECTS_VISUAL_COINCIDENCE,Visual inspection confirms two distinct Styrofoam containers: Left is a closed single-compartment box from low perspective; Right is an open two-compartment meal box. Grouped together into Train in Split V2.,pair_18_foam_box_24_vs_12.jpg,Antigravity Tech Lead & ML Engineer,2026-10-02T00:05:00+07:00,VERIFIED
SAME_CLS_01,garbage_v2_metal_158.jpg,garbage_v2_metal_435.jpg,metal,metal,test,test,4,34.99,SAME_OBJECT_ROTATED_PERSPECTIVE,Same object from rotated perspective or slight translation. Grouped into the same split by DSU.,same_cls_01_metal_test_dist4.jpg,Antigravity Tech Lead & ML Engineer,2026-10-02T00:05:00+07:00,VERIFIED
SAME_CLS_02,garbage_v2_metal_183.jpg,vn_trash_train_beverage_cans701.jpg,metal,metal,test,test,2,29.06,SAME_OBJECT_ROTATED_PERSPECTIVE,Same object from rotated perspective or slight translation. Grouped into the same split by DSU.,same_cls_02_metal_test_dist2.jpg,Antigravity Tech Lead & ML Engineer,2026-10-02T00:05:00+07:00,VERIFIED
SAME_CLS_03,vn_trash_test_beverage_cans 599.jpg,vn_trash_train_beverage_cans619.jpg,metal,metal,test,test,4,0.29,SAME_OBJECT_BURST,Identical or near-identical burst-shot of the same object. Grouped into the same split by DSU.,same_cls_03_metal_test_dist4.jpg,Antigravity Tech Lead & ML Engineer,2026-10-02T00:05:00+07:00,VERIFIED
SAME_CLS_04,vn_trash_train_AluCan1011.jpg,vn_trash_train_AluCan1013.jpg,metal,metal,test,test,2,31.37,SAME_OBJECT_ROTATED_PERSPECTIVE,Same object from rotated perspective or slight translation. Grouped into the same split by DSU.,same_cls_04_metal_test_dist2.jpg,Antigravity Tech Lead & ML Engineer,2026-10-02T00:05:00+07:00,VERIFIED
SAME_CLS_07,garbage_v2_paper_1118.jpg,vn_trash_test_paper 879.jpg,paper,paper,test,test,4,31.92,SAME_OBJECT_ROTATED_PERSPECTIVE,Same object from rotated perspective or slight translation. Grouped into the same split by DSU.,same_cls_07_paper_test_dist4.jpg,Antigravity Tech Lead & ML Engineer,2026-10-02T00:05:00+07:00,VERIFIED
SAME_CLS_09,garbage_v2_shoes_410.jpg,garbage_v2_shoes_607.jpg,shoes,shoes,test,test,4,8.86,SAME_OBJECT_BURST,Identical or near-identical burst-shot of the same object. Grouped into the same split by DSU.,same_cls_09_shoes_test_dist4.jpg,Antigravity Tech Lead & ML Engineer,2026-10-02T00:05:00+07:00,VERIFIED
SAME_CLS_10,garbage_v2_battery_345.jpg,garbage_v2_battery_405.jpg,battery,battery,train,train,4,31.03,SAME_OBJECT_ROTATED_PERSPECTIVE,Same object from rotated perspective or slight translation. Grouped into the same split by DSU.,same_cls_10_battery_train_dist4.jpg,Antigravity Tech Lead & ML Engineer,2026-10-02T00:05:00+07:00,VERIFIED
SAME_CLS_11,garbage_v2_cardboard_1036.jpg,vn_trash_train_cardboard245.jpg,cardboard,cardboard,train,train,2,25.99,SAME_OBJECT_ROTATED_PERSPECTIVE,Same object from rotated perspective or slight translation. Grouped into the same split by DSU.,same_cls_11_cardboard_train_dist2.jpg,Antigravity Tech Lead & ML Engineer,2026-10-02T00:05:00+07:00,VERIFIED
SAME_CLS_13,garbage_v2_cardboard_329.jpg,vn_trash_train_cardboard711.jpg,cardboard,cardboard,train,train,4,9.94,SAME_OBJECT_BURST,Identical or near-identical burst-shot of the same object. Grouped into the same split by DSU.,same_cls_13_cardboard_train_dist4.jpg,Antigravity Tech Lead & ML Engineer,2026-10-02T00:05:00+07:00,VERIFIED
SAME_CLS_14,vn_trash_train_cardboard 123.jpg,vn_trash_train_cardboard 124.jpg,cardboard,cardboard,train,train,2,11.11,SAME_OBJECT_BURST,Identical or near-identical burst-shot of the same object. Grouped into the same split by DSU.,same_cls_14_cardboard_train_dist2.jpg,Antigravity Tech Lead & ML Engineer,2026-10-02T00:05:00+07:00,VERIFIED
SAME_CLS_15,garbage_v2_metal_155.jpg,vn_trash_train_AluCan94.jpg,metal,metal,train,train,2,14.67,SAME_OBJECT_BURST,Identical or near-identical burst-shot of the same object. Grouped into the same split by DSU.,same_cls_15_metal_train_dist2.jpg,Antigravity Tech Lead & ML Engineer,2026-10-02T00:05:00+07:00,VERIFIED
SAME_CLS_16,garbage_v2_metal_186.jpg,vn_trash_train_AluCan105.jpg,metal,metal,train,train,2,13.13,SAME_OBJECT_BURST,Identical or near-identical burst-shot of the same object. Grouped into the same split by DSU.,same_cls_16_metal_train_dist2.jpg,Antigravity Tech Lead & ML Engineer,2026-10-02T00:05:00+07:00,VERIFIED
SAME_CLS_17,vn_trash_train_AluCan530.jpg,vn_trash_train_AluCan535.jpg,metal,metal,train,train,4,30.94,SAME_OBJECT_ROTATED_PERSPECTIVE,Same object from rotated perspective or slight translation. Grouped into the same split by DSU.,same_cls_17_metal_train_dist4.jpg,Antigravity Tech Lead & ML Engineer,2026-10-02T00:05:00+07:00,VERIFIED
SAME_CLS_18,vn_trash_train_AluCan652.jpg,vn_trash_train_AluCan660.jpg,metal,metal,train,train,4,34.97,SAME_OBJECT_ROTATED_PERSPECTIVE,Same object from rotated perspective or slight translation. Grouped into the same split by DSU.,same_cls_18_metal_train_dist4.jpg,Antigravity Tech Lead & ML Engineer,2026-10-02T00:05:00+07:00,VERIFIED
SAME_CLS_19,vn_trash_train_AluCan755.jpg,vn_trash_train_AluCan756.jpg,metal,metal,train,train,2,10.81,SAME_OBJECT_BURST,Identical or near-identical burst-shot of the same object. Grouped into the same split by DSU.,same_cls_19_metal_train_dist2.jpg,Antigravity Tech Lead & ML Engineer,2026-10-02T00:05:00+07:00,VERIFIED
SAME_CLS_20,vn_trash_train_AluCan770.jpg,vn_trash_train_AluCan773.jpg,metal,metal,train,train,4,17.83,SAME_OBJECT_BURST,Identical or near-identical burst-shot of the same object. Grouped into the same split by DSU.,same_cls_20_metal_train_dist4.jpg,Antigravity Tech Lead & ML Engineer,2026-10-02T00:05:00+07:00,VERIFIED
SAME_CLS_21,vn_trash_train_beverage_cans357.jpg,vn_trash_train_beverage_cans373.jpg,metal,metal,train,train,4,10.92,SAME_OBJECT_BURST,Identical or near-identical burst-shot of the same object. Grouped into the same split by DSU.,same_cls_21_metal_train_dist4.jpg,Antigravity Tech Lead & ML Engineer,2026-10-02T00:05:00+07:00,VERIFIED
SAME_CLS_22,vn_trash_train_beverage_cans809.jpg,vn_trash_train_beverage_cans903.jpg,metal,metal,train,train,2,2.03,SAME_OBJECT_BURST,Identical or near-identical burst-shot of the same object. Grouped into the same split by DSU.,same_cls_22_metal_train_dist2.jpg,Antigravity Tech Lead & ML Engineer,2026-10-02T00:05:00+07:00,VERIFIED
SAME_CLS_23,vn_trash_train_beverage_cans89.jpg,vn_trash_train_beverage_cans904.jpg,metal,metal,train,train,2,2.74,SAME_OBJECT_BURST,Identical or near-identical burst-shot of the same object. Grouped into the same split by DSU.,same_cls_23_metal_train_dist2.jpg,Antigravity Tech Lead & ML Engineer,2026-10-02T00:05:00+07:00,VERIFIED
SAME_CLS_24,garbage_v2_paper_1326.jpg,vn_trash_test_paper 978.jpg,paper,paper,train,train,2,23.14,SAME_OBJECT_ROTATED_PERSPECTIVE,Same object from rotated perspective or slight translation. Grouped into the same split by DSU.,same_cls_24_paper_train_dist2.jpg,Antigravity Tech Lead & ML Engineer,2026-10-02T00:05:00+07:00,VERIFIED
SAME_CLS_25,garbage_v2_paper_185.jpg,vn_trash_test_00000010.jpg,paper,paper,train,train,4,3.95,SAME_OBJECT_BURST,Identical or near-identical burst-shot of the same object. Grouped into the same split by DSU.,same_cls_25_paper_train_dist4.jpg,Antigravity Tech Lead & ML Engineer,2026-10-02T00:05:00+07:00,VERIFIED
SAME_CLS_26,garbage_v2_paper_518.jpg,vn_trash_test_paper 546.jpg,paper,paper,train,train,4,9.64,SAME_OBJECT_BURST,Identical or near-identical burst-shot of the same object. Grouped into the same split by DSU.,same_cls_26_paper_train_dist4.jpg,Antigravity Tech Lead & ML Engineer,2026-10-02T00:05:00+07:00,VERIFIED
SAME_CLS_27,garbage_v2_paper_770.jpg,vn_trash_test_paper 540.jpg,paper,paper,train,train,4,19.96,SAME_OBJECT_BURST,Identical or near-identical burst-shot of the same object. Grouped into the same split by DSU.,same_cls_27_paper_train_dist4.jpg,Antigravity Tech Lead & ML Engineer,2026-10-02T00:05:00+07:00,VERIFIED
SAME_CLS_28,garbage_v2_plastic_601.jpg,vn_trash_test_plastic_bottle 544.jpg,plastic,plastic,train,train,4,3.21,SAME_OBJECT_BURST,Identical or near-identical burst-shot of the same object. Grouped into the same split by DSU.,same_cls_28_plastic_train_dist4.jpg,Antigravity Tech Lead & ML Engineer,2026-10-02T00:05:00+07:00,VERIFIED
SAME_CLS_29,vn_trash_train_00000012.jpg,vn_trash_train_00000024.jpg,plastic,plastic,train,train,4,9.95,SAME_OBJECT_BURST,Identical or near-identical burst-shot of the same object. Grouped into the same split by DSU.,same_cls_29_plastic_train_dist4.jpg,Antigravity Tech Lead & ML Engineer,2026-10-02T00:05:00+07:00,VERIFIED
SAME_CLS_30,vn_trash_test_beverage_cans 700.jpg,vn_trash_train_beverage_cans640.jpg,metal,metal,val,val,4,4.85,SAME_OBJECT_BURST,Identical or near-identical burst-shot of the same object. Grouped into the same split by DSU.,same_cls_30_metal_val_dist4.jpg,Antigravity Tech Lead & ML Engineer,2026-10-02T00:05:00+07:00,VERIFIED
SAME_CLS_31,vn_trash_train_AluCan653.jpg,vn_trash_train_AluCan659.jpg,metal,metal,val,val,4,28.43,SAME_OBJECT_ROTATED_PERSPECTIVE,Same object from rotated perspective or slight translation. Grouped into the same split by DSU.,same_cls_31_metal_val_dist4.jpg,Antigravity Tech Lead & ML Engineer,2026-10-02T00:05:00+07:00,VERIFIED
SAME_CLS_32,vn_trash_train_beverage_cans285.jpg,vn_trash_train_beverage_cans799.jpg,metal,metal,val,val,2,0.35,SAME_OBJECT_BURST,Identical or near-identical burst-shot of the same object. Grouped into the same split by DSU.,same_cls_32_metal_val_dist2.jpg,Antigravity Tech Lead & ML Engineer,2026-10-02T00:05:00+07:00,VERIFIED
SAME_CLS_33,garbage_v2_paper_720.jpg,vn_trash_test_paper 891.jpg,paper,paper,val,val,2,17.46,SAME_OBJECT_BURST,Identical or near-identical burst-shot of the same object. Grouped into the same split by DSU.,same_cls_33_paper_val_dist2.jpg,Antigravity Tech Lead & ML Engineer,2026-10-02T00:05:00+07:00,VERIFIED
